time_s,min_c,max_c,max_displacement_mm,peak_von_mises_mpa
0,20,300,0.008402051514,512.1155105
1000,168.3536171,300,0.2469163294,1184.168239
2000,219.8355284,300,0.2892444185,1191.068175
3000,231.7784701,300,0.299062406,1192.667234
4000,234.548278,300,0.3013394826,1193.038089
5000,235.190652,300,0.3018675869,1193.124097
6000,235.3396314,300,0.3019900651,1193.144044
7000,235.3741827,300,0.3020184703,1193.14867
8000,235.3821958,300,0.302025058,1193.149743
9000,235.3840542,300,0.3020265858,1193.149992
10000,235.3844852,300,0.3020269402,1193.15005
11000,235.3845852,300,0.3020270224,1193.150063
12000,235.3846084,300,0.3020270414,1193.150066
13000,235.3846138,300,0.3020270458,1193.150067
14000,235.384615,300,0.3020270469,1193.150067
15000,235.3846153,300,0.3020270471,1193.150067
16000,235.3846154,300,0.3020270472,1193.150067
17000,235.3846154,300,0.3020270472,1193.150067
18000,235.3846154,300,0.3020270472,1193.150067
19000,235.3846154,300,0.3020270472,1193.150067
20000,235.3846154,300,0.3020270472,1193.150067
